filename,date,label
2018 10 17 21 31 08.JPG,2018-10-17 21:31:08,fantasma
2018 10 17 07 57 19.JPG,2018-10-17 07:57:19,non_fantasma
2018 10 18 01 13 30.JPG,2018-10-18 01:13:30,fantasma
2018 10 17 08 16 58.JPG,2018-10-17 08:16:58,fantasma
2018 10 22 08 08 39.JPG,2018-10-22 08:08:39,non_fantasma
2018 10 18 01 22 37.JPG,2018-10-18 01:22:37,non_fantasma
2018 10 17 19 30 31.JPG,2018-10-17 19:30:31,non_fantasma
2018 10 18 23 02 41.JPG,2018-10-18 23:02:41,fantasma
2018 10 17 08 17 02.JPG,2018-10-17 08:17:02,non_fantasma
2018 10 17 07 57 20.JPG,2018-10-17 07:57:20,non_fantasma
2018 10 18 01 16 15.JPG,2018-10-18 01:16:15,non_fantasma
2018 10 17 07 59 54.JPG,2018-10-17 07:59:54,non_fantasma
2018 10 17 07 59 14.JPG,2018-10-17 07:59:14,non_fantasma
2018 10 17 08 32 25.JPG,2018-10-17 08:32:25,non_fantasma
2018 10 17 07 58 13.JPG,2018-10-17 07:58:13,non_fantasma
2018 10 18 01 14 17.JPG,2018-10-18 01:14:17,non_fantasma
2018 10 17 08 16 52.JPG,2018-10-17 08:16:52,non_fantasma
2018 10 17 07 57 25.JPG,2018-10-17 07:57:25,non_fantasma
2018 10 23 05 27 20.JPG,2018-10-23 05:27:20,fantasma
2018 10 17 19 30 53.JPG,2018-10-17 19:30:53,non_fantasma
2018 10 17 08 16 51.JPG,2018-10-17 08:16:51,non_fantasma
2018 10 17 19 34 12.JPG,2018-10-17 19:34:12,non_fantasma
2018 10 17 08 47 45.JPG,2018-10-17 08:47:45,non_fantasma
2018 10 18 01 14 50.JPG,2018-10-18 01:14:50,non_fantasma
2018 10 18 01 14 12.JPG,2018-10-18 01:14:12,non_fantasma
2018 10 17 08 32 19.JPG,2018-10-17 08:32:19,non_fantasma
2018 10 18 01 13 35.JPG,2018-10-18 01:13:35,fantasma
2018 10 17 08 47 21.JPG,2018-10-17 08:47:21,non_fantasma
2018 10 17 08 47 22.JPG,2018-10-17 08:47:22,non_fantasma
2018 10 17 08 33 31.JPG,2018-10-17 08:33:31,non_fantasma
2018 10 17 07 59 55.JPG,2018-10-17 07:59:55,non_fantasma
2018 10 23 06 01 30.JPG,2018-10-23 06:01:30,non_fantasma
2018 10 17 08 32 20.JPG,2018-10-17 08:32:20,non_fantasma
2018 10 17 19 30 54.JPG,2018-10-17 19:30:54,non_fantasma
2018 10 17 19 33 52.JPG,2018-10-17 19:33:52,non_fantasma
2018 10 17 08 32 16.JPG,2018-10-17 08:32:16,non_fantasma
2018 10 17 19 34 23.JPG,2018-10-17 19:34:23,non_fantasma
2018 10 18 01 15 55.JPG,2018-10-18 01:15:55,non_fantasma
2018 10 18 01 14 01.JPG,2018-10-18 01:14:01,non_fantasma
2018 10 19 02 47 47.JPG,2018-10-19 02:47:47,non_fantasma
2018 10 17 08 33 26.JPG,2018-10-17 08:33:26,non_fantasma
2018 10 18 01 15 27.JPG,2018-10-18 01:15:27,non_fantasma
2018 10 17 07 57 15.JPG,2018-10-17 07:57:15,non_fantasma
2018 10 17 19 30 59.JPG,2018-10-17 19:30:59,non_fantasma
2018 10 18 01 15 56.JPG,2018-10-18 01:15:56,non_fantasma
2018 10 17 08 34 11.JPG,2018-10-17 08:34:11,non_fantasma
2018 10 18 01 15 00.JPG,2018-10-18 01:15:00,non_fantasma
2018 10 17 21 11 19.JPG,2018-10-17 21:11:19,non_fantasma
2018 10 18 01 16 16.JPG,2018-10-18 01:16:16,non_fantasma
2018 10 18 01 13 29.JPG,2018-10-18 01:13:29,fantasma
2018 10 18 01 22 38.JPG,2018-10-18 01:22:38,non_fantasma
2018 10 18 01 14 44.JPG,2018-10-18 01:14:44,non_fantasma
2018 10 17 08 33 22.JPG,2018-10-17 08:33:22,non_fantasma
2018 10 18 03 58 47.JPG,2018-10-18 03:58:47,fantasma
2018 10 18 01 14 55.JPG,2018-10-18 01:14:55,non_fantasma
2018 10 17 07 57 51.JPG,2018-10-17 07:57:51,non_fantasma
2018 10 19 02 47 19.JPG,2018-10-19 02:47:19,non_fantasma
2018 10 17 19 30 15.JPG,2018-10-17 19:30:15,non_fantasma
2018 10 17 19 30 21.JPG,2018-10-17 19:30:21,non_fantasma
2018 10 23 05 29 43.JPG,2018-10-23 05:29:43,non_fantasma
2018 10 18 01 14 28.JPG,2018-10-18 01:14:28,non_fantasma
2018 10 17 08 17 01.JPG,2018-10-17 08:17:01,non_fantasma
2018 10 17 08 32 59.JPG,2018-10-17 08:32:59,non_fantasma
2018 10 17 08 33 08.JPG,2018-10-17 08:33:08,non_fantasma
2018 10 18 01 14 39.JPG,2018-10-18 01:14:39,non_fantasma
2018 10 17 07 57 29.JPG,2018-10-17 07:57:29,non_fantasma
2018 10 17 07 58 31.JPG,2018-10-17 07:58:31,non_fantasma
2018 10 19 02 47 46.JPG,2018-10-19 02:47:46,non_fantasma
2018 10 17 07 57 40.JPG,2018-10-17 07:57:40,non_fantasma
2018 10 23 06 03 57.JPG,2018-10-23 06:03:57,non_fantasma
2018 10 18 01 14 59.JPG,2018-10-18 01:14:59,non_fantasma
2018 10 18 01 16 06.JPG,2018-10-18 01:16:06,non_fantasma
2018 10 17 08 16 46.JPG,2018-10-17 08:16:46,fantasma
2018 10 23 06 01 31.JPG,2018-10-23 06:01:31,non_fantasma
2018 10 17 07 57 35.JPG,2018-10-17 07:57:35,non_fantasma
2018 10 22 18 59 11.JPG,2018-10-22 18:59:11,non_fantasma
2018 10 17 08 32 33.JPG,2018-10-17 08:32:33,non_fantasma
2018 10 21 07 36 02.JPG,2018-10-21 07:36:02,non_fantasma
2018 10 18 01 15 19.JPG,2018-10-18 01:15:19,non_fantasma
2018 10 18 04 20 23.JPG,2018-10-18 04:20:23,fantasma
2018 10 17 08 33 55.JPG,2018-10-17 08:33:55,non_fantasma
2018 10 18 01 13 50.JPG,2018-10-18 01:13:50,non_fantasma
2018 10 17 07 57 39.JPG,2018-10-17 07:57:39,non_fantasma
2018 10 17 08 33 54.JPG,2018-10-17 08:33:54,non_fantasma
2018 10 19 09 15 46.JPG,2018-10-19 09:15:46,non_fantasma
2018 10 18 01 14 33.JPG,2018-10-18 01:14:33,non_fantasma
2018 10 17 07 58 02.JPG,2018-10-17 07:58:02,non_fantasma
2018 10 18 01 14 11.JPG,2018-10-18 01:14:11,non_fantasma
2018 10 18 01 13 55.JPG,2018-10-18 01:13:55,non_fantasma
2018 10 18 01 13 45.JPG,2018-10-18 01:13:45,non_fantasma
2018 10 18 01 16 00.JPG,2018-10-18 01:16:00,non_fantasma
2018 10 18 01 32 02.JPG,2018-10-18 01:32:02,non_fantasma
2018 10 17 08 50 34.JPG,2018-10-17 08:50:34,non_fantasma
2018 10 17 08 32 26.JPG,2018-10-17 08:32:26,non_fantasma
2018 10 23 06 01 23.JPG,2018-10-23 06:01:23,non_fantasma
2018 10 17 09 11 05.JPG,2018-10-17 09:11:05,non_fantasma
2018 10 18 01 14 29.JPG,2018-10-18 01:14:29,non_fantasma
2018 10 18 03 58 46.JPG,2018-10-18 03:58:46,fantasma
2018 10 18 01 14 51.JPG,2018-10-18 01:14:51,non_fantasma
2018 10 17 08 34 12.JPG,2018-10-17 08:34:12,non_fantasma
2018 10 22 18 59 10.JPG,2018-10-22 18:59:10,non_fantasma
2018 10 17 07 58 01.JPG,2018-10-17 07:58:01,non_fantasma
2018 10 17 07 58 19.JPG,2018-10-17 07:58:19,non_fantasma
2018 10 23 05 27 21.JPG,2018-10-23 05:27:21,fantasma
2018 10 17 19 34 17.JPG,2018-10-17 19:34:17,non_fantasma
2018 10 18 01 16 21.JPG,2018-10-18 01:16:21,non_fantasma
2018 10 17 07 57 46.JPG,2018-10-17 07:57:46,non_fantasma
2018 10 17 19 30 24.JPG,2018-10-17 19:30:24,non_fantasma
2018 10 17 08 47 50.JPG,2018-10-17 08:47:50,fantasma
2018 10 18 01 14 06.JPG,2018-10-18 01:14:06,non_fantasma
2018 10 18 01 14 05.JPG,2018-10-18 01:14:05,non_fantasma
2018 10 18 01 15 51.JPG,2018-10-18 01:15:51,non_fantasma
2018 10 18 01 32 10.JPG,2018-10-18 01:32:10,non_fantasma
2018 10 17 08 50 33.JPG,2018-10-17 08:50:33,non_fantasma
2018 10 17 19 34 24.JPG,2018-10-17 19:34:24,non_fantasma
2018 10 18 01 15 05.JPG,2018-10-18 01:15:05,non_fantasma
2018 10 18 01 14 21.JPG,2018-10-18 01:14:21,non_fantasma
2018 10 17 19 31 15.JPG,2018-10-17 19:31:15,non_fantasma
2018 10 18 01 32 03.JPG,2018-10-18 01:32:03,non_fantasma
2018 10 18 01 13 34.JPG,2018-10-18 01:13:34,fantasma
2018 10 17 19 30 58.JPG,2018-10-17 19:30:58,non_fantasma
2018 10 17 19 30 30.JPG,2018-10-17 19:30:30,non_fantasma
2018 10 17 07 59 15.JPG,2018-10-17 07:59:15,non_fantasma
2018 10 17 07 58 18.JPG,2018-10-17 07:58:18,non_fantasma
2018 10 18 01 31 54.JPG,2018-10-18 01:31:54,non_fantasma
2018 10 18 01 14 45.JPG,2018-10-18 01:14:45,non_fantasma
2018 10 17 07 58 12.JPG,2018-10-17 07:58:12,non_fantasma
2018 10 18 01 16 12.JPG,2018-10-18 01:16:12,non_fantasma
2018 10 17 19 34 18.JPG,2018-10-17 19:34:18,non_fantasma
2018 10 17 19 33 45.JPG,2018-10-17 19:33:45,non_fantasma
2018 10 17 19 33 46.JPG,2018-10-17 19:33:46,non_fantasma
2018 10 17 07 58 08.JPG,2018-10-17 07:58:08,non_fantasma
2018 10 17 07 57 57.JPG,2018-10-17 07:57:57,non_fantasma
2018 10 17 19 30 37.JPG,2018-10-17 19:30:37,non_fantasma
2018 10 23 05 59 14.JPG,2018-10-23 05:59:14,fantasma
2018 10 17 07 57 56.JPG,2018-10-17 07:57:56,non_fantasma
2018 10 17 21 11 20.JPG,2018-10-17 21:11:20,non_fantasma
2018 10 20 09 40 23.JPG,2018-10-20 09:40:23,non_fantasma
2018 10 20 09 40 22.JPG,2018-10-20 09:40:22,non_fantasma
2018 10 17 19 33 51.JPG,2018-10-17 19:33:51,non_fantasma
2018 10 18 01 14 00.JPG,2018-10-18 01:14:00,non_fantasma
2018 10 22 08 08 40.JPG,2018-10-22 08:08:40,non_fantasma
2018 10 18 01 15 18.JPG,2018-10-18 01:15:18,non_fantasma
2018 10 18 01 14 32.JPG,2018-10-18 01:14:32,non_fantasma
2018 10 17 07 59 20.JPG,2018-10-17 07:59:20,fantasma
2018 10 17 19 30 49.JPG,2018-10-17 19:30:49,non_fantasma
2018 10 17 07 57 45.JPG,2018-10-17 07:57:45,non_fantasma
2018 10 18 01 13 41.JPG,2018-10-18 01:13:41,fantasma
2018 10 17 07 57 36.JPG,2018-10-17 07:57:36,non_fantasma
2018 10 18 01 32 32.JPG,2018-10-18 01:32:32,non_fantasma
2018 10 17 19 30 25.JPG,2018-10-17 19:30:25,non_fantasma
2018 10 23 06 01 22.JPG,2018-10-23 06:01:22,non_fantasma
2018 10 18 01 13 56.JPG,2018-10-18 01:13:56,non_fantasma
